ssn,firstName,lastName,gender,skill
681-98-0061,Stacee,Adams,M,Townhomes
513-49-7824,Feliks,Lamprecht,M,Typography
605-93-0874,Ewan,Bleckly,M,Slogans
213-16-2524,Northrop,Paroni,M,Technical Support
890-41-1774,Ingram,Wainscot,M,Classroom Management
516-84-8892,Koenraad,Sarch,M,NVQs
166-12-7736,Cissiee,Kohrt,F,Alzheimer&#39;s Disease
752-71-9434,Bertram,Osichev,M,Iron
367-56-1640,Astrix,Stoll,F,QADirector
377-93-7537,Jere,France,F,BDCs
611-81-4788,Lilas,McKimm,F,Mac &amp; PC platforms
513-45-4891,Alvina,McDunlevy,F,Young Adults
697-46-4536,Lezlie,Pemble,F,Policy Writing
624-89-9943,Marc,Ducker,M,DDR
478-33-0889,Aldus,O'Conor,M,Aerospace Manufacturing
167-53-3591,Moishe,Springtorp,M,CMTS
364-68-7658,Colene,Steels,F,On Location
758-28-9809,Roanne,Cogar,F,Swim Instruction
545-86-7696,Vivian,Brandsen,F,Airport Management
883-04-8772,Catlaina,Eagell,F,Shipbuilding
392-42-6674,Laurie,Reyson,M,Kohana Framework
271-48-8753,Silvia,Burkett,F,NCPDP
828-42-7614,Fayth,Whysall,F,IES Virtual Environment
817-63-2483,Renee,Lempke,F,VB.NET
617-02-9906,Rayshell,Boatwright,F,eGaming
607-47-5540,Britt,Bottby,F,eWFM
849-50-5583,Onfroi,Greville,M,HSQE
765-76-0040,Alberik,Brodley,M,IQ Navigator
656-29-9940,Lonna,Darnbrook,F,CPP
282-25-3821,Paulie,Lattos,F,Estate Administration
464-45-8698,Karlens,Simms,M,WTL
805-11-6583,Issiah,Wheildon,M,Jazz
888-23-7047,Faye,Gergler,F,Small Business Online Marketing
652-03-3440,Penny,Evers,F,Luxury
596-33-1203,Johnathan,Pennetta,M,JMP
868-98-6097,Rebbecca,Hucklesby,F,Visual Identity Design
505-65-1260,Benito,McGeachey,M,PowerPoint
828-62-8581,Teriann,Joynson,F,XML Schema Design
557-87-3501,Vanda,Cleaver,F,Pastoral Care
671-18-0297,Marlena,Copo,F,Dutch
316-48-5816,Mahala,Rossetti,F,Offshoring
889-18-1251,Englebert,Attrill,M,Wide Format Printing
164-44-2623,Raphaela,Kordt,F,AASHTO
825-44-7557,Harlin,McSkin,M,Industrial Ethernet
479-93-8727,Leigh,Rollings,M,EAI
265-76-2852,Bendix,Sigmund,M,UDDI
345-10-0995,Baudoin,Bernhart,M,Nonprofits
752-44-0316,Dominic,Cleverly,M,IOS-XR
838-30-7009,Wilfrid,Greim,M,Critical Care
137-11-9075,Mack,Fowles,M,AXI
699-52-3981,Vidovic,Cardall,M,Practice CS
162-25-5086,Tymon,Hame,M,TTL
165-84-4299,Natalee,Coleborn,F,HDX
191-84-1996,Briana,O'Kennedy,F,Smart Metering
301-66-5981,Shay,Schust,F,PostgreSQL
209-58-7028,Felizio,Glasscock,M,Amazon EBS
776-05-3842,Andrus,Edger,M,TNCC
305-29-4942,Tabby,Berntssen,F,Aquatic Toxicology
414-24-9111,Celinka,Abdon,F,AES
358-83-2597,Gilemette,Sinnocke,F,Fire Alarm
244-34-8506,Eleanor,Dungate,F,Zend Server
299-66-0695,Bevvy,Penylton,F,FX Hedging
403-02-0605,Kalina,Palffrey,F,Pricing
839-08-0581,Sacha,Comellini,F,TSP
800-88-1236,Arri,Kener,M,SVG
861-81-2643,Rawley,McAline,M,FMECA
527-89-1261,Charyl,Got,F,Private Banking
723-14-6713,Ibrahim,Haggleton,M,UCaaS
636-09-9910,Maynard,Haselden,M,CFDesign
442-35-7065,Cully,Druhan,M,PMP
203-05-9980,Jess,Dumbrill,F,Ownership
441-88-5202,Alfonse,Yakubovics,M,Retail Sales
752-93-4276,Thedric,Wiltshaw,M,DFS
844-62-6633,Rebbecca,Moralee,F,Zoning
222-30-3024,Morgen,Bru,M,Homeland Security
601-33-7608,Anastasie,Sartain,F,Know-how
279-72-5483,Elmore,Cutmore,M,Mental Health
443-77-8707,Cullie,Issett,M,DV Camera Operator
813-24-6600,Rabbi,Blazynski,M,Direct Marketing
165-77-8091,Cully,Rooney,M,UK Tax
400-59-7296,Boycey,Oriel,M,XStream
568-75-6783,Tully,Avey,M,KOL Management
721-65-5859,Abraham,Mansfield,M,Media Relations
886-29-8346,Stanford,Hagerty,M,LS-DYNA
305-25-0296,Maje,Youd,M,Olympic
769-25-7718,Joan,Statefield,F,UAV
630-95-3766,Pren,Smeeth,M,Yield Management
351-88-3093,Eward,Jirick,M,CCVP
690-03-0835,Karita,McCurtain,F,Proposal Writing
486-86-1226,Austina,Tomaszkiewicz,F,Environmental Policy
892-46-7897,Eal,Glowinski,M,Avid Media Composer
435-97-3505,Towney,Parren,M,XDCAM
247-91-2401,Engracia,Fendlen,F,SAP MDM
763-91-6902,Glendon,Pomphrett,M,Pharmaceutical Industry
377-96-6108,Heywood,Mingaud,M,Recruiting
796-19-2693,Neville,Caudell,M,RCP
309-05-9200,Terrye,Alves,F,CCVP
487-51-5106,Avie,Armstead,F,Zope
339-49-5445,Perceval,Syson,M,Product Knowledge
521-77-7002,Greg,Gentile,M,ASME
152-57-1881,Lockwood,Cianelli,M,Phase II
807-28-9111,Cathyleen,Sweetenham,F,Xdebug
317-14-0124,Jennie,Maly,F,KMS
791-43-9674,Merv,Saunier,M,Biodiversity
590-67-1485,Jeffy,Kettleson,M,Root Cause Analysis
310-96-9045,Amandy,Sherry,F,XLMiner
601-15-8966,Susanna,Ferneyhough,F,Credit Analysis
422-68-8195,Lon,Babar,M,SAP OM
285-58-4526,Bradan,Oram,M,YAML
236-46-8417,Alfreda,Sissel,F,Overcome Objections
659-20-6515,Herb,Hansie,M,UC4
736-83-1272,Nappy,Leggan,M,AAT
451-84-2991,Marika,Wardlow,F,Abaqus
143-42-5728,Gorden,Jacombs,M,Dell KACE
312-13-5516,Joanne,Wodeland,F,Oracle RAC
415-58-6882,Evangelina,Goodwins,F,Financial Audits
435-26-6531,Kelley,Lardier,F,Peer Tutoring
378-96-4105,Fay,Do,F,Life Sciences
412-57-8146,Quintana,Ruffell,F,FDMA
562-51-0687,Farlee,Calverd,M,Foreign Trade Zone
444-13-2683,Mala,McGaugan,F,FCPA
853-94-0185,Legra,Pauley,F,Overall Wellness
432-93-4304,Hayyim,Bellamy,M,Wine Tasting
163-36-5300,Gaultiero,Hatrick,M,SNOMED
238-55-5498,Lesley,Kinder,M,RDF
314-05-7436,Laurent,Pengilley,M,MCDBA
446-27-9643,Auberta,Hritzko,F,Change Orders
585-56-3450,Shawn,Leguey,M,TDR
189-31-5011,Georg,Leblanc,M,IAD
323-72-0066,Clayborn,Packham,M,Historic Preservation
192-74-4397,Eleen,Hanscom,F,Kaseya
654-87-4028,Blinni,Surgen,F,Airports
316-29-8588,Tanner,Cunney,M,German
554-18-3108,Kermie,Coare,M,Wholesale
102-41-1247,Rancell,McGirr,M,Applied Mathematics
833-90-1829,Torrie,Swyer-Sexey,F,Residential Homes
758-92-6499,Pearle,Drewet,F,SFE
350-72-2716,Corine,Jakov,F,Mentoring
156-31-9646,Flin,Brabham,M,Xerces
722-77-5072,Rosmunda,MacCorkell,F,IBM Mainframe
701-33-7816,Kerwinn,Brewse,M,Niche Marketing
461-78-9446,Tybalt,Crossdale,M,Journals
545-78-0920,Anatollo,Haizelden,M,Semantic HTML
297-80-9244,Dorena,Woolens,F,CVS
355-13-0388,Lynnett,McWilliam,F,EPM
588-24-9550,Iain,Mattia,M,Wufoo
782-45-6378,Huntington,Coils,M,Character Rigging
284-09-2945,Doris,Keniwell,F,osCommerce
321-94-2815,Kin,Bottrill,M,Ebooks
369-84-6943,Wilhelmine,Oliveras,F,ISTQB
727-92-0859,Patrick,McGurn,M,EHR
562-66-9733,Sibella,Mantz,F,LDI
438-40-2223,Emelita,Kersley,F,LLBLGen
191-52-6391,Horatius,McCorkell,M,FMCG
542-25-1026,Aleta,Duchant,F,LSL
330-78-2960,Alan,Clell,M,Keyboards
184-02-6653,Jerad,Pickles,M,Veterinary
633-24-6523,Axe,Halms,M,External Audit
243-17-6902,Renato,Stump,M,Ppk
426-20-1870,Erny,Majury,M,Leadership Development
241-66-0265,Deborah,Maving,F,Junior Golf
104-23-6870,Templeton,MacConchie,M,NNTP
609-13-2520,Guthrey,Castagneto,M,IVT
134-14-1202,Gwenette,Southam,F,IP CCTV
456-88-8380,Germana,Kiljan,F,BMC Remedy Ticketing System
724-24-1478,Marcelline,Lanbertoni,F,XML
601-53-9396,Libbie,Crotch,F,NVQs
517-62-3802,Sibilla,Jurgenson,F,LCD Projectors
851-67-9718,Tiebout,Lemery,M,SS7
675-92-5743,Krishnah,McCarrell,M,QADirector
140-32-2465,Talbert,Gyorgy,M,Medicine
434-60-6354,Dennison,Arnett,M,DDL
256-79-4977,Hamel,Leverett,M,Theory
321-80-2269,Walther,Cardwell,M,Global Sourcing
123-55-9675,Elora,Sawood,F,PXE
345-83-8288,Riannon,Giffon,F,CISA
713-14-4482,Eloisa,Berkelay,F,Forklift Operation
790-30-2403,Lindsey,Raynor,F,NICU
590-51-1742,Bryon,Tunsley,M,Corporate Communications
101-40-8273,Jaquith,Wife,F,MCEV
157-55-4209,Sadye,Wooler,F,Utility Mapping
549-36-5139,Minnie,Ferrieres,F,CDMA2000
179-29-1615,Shirley,Rawkesby,F,Jet Ski
710-73-3861,Belva,Kincey,F,RoboHelp
152-39-8037,Catriona,Northridge,F,SQL
118-44-2620,Carissa,Double,F,OLA
794-83-4172,Jerad,Jilliss,M,Lean Manufacturing
461-30-6046,Aldo,Weatherup,M,Toyota Production System
229-86-8348,Billye,Arniz,F,MS Axapta
482-42-3814,Siobhan,Aristide,F,CTM
561-13-2873,Zacharias,Carous,M,Title Searches
141-26-5956,Sibyl,Mullinder,M,Brokers
718-21-5358,Wynny,Thraves,F,Aesthetics
614-30-0445,Cirilo,Apfler,M,Jetty
733-54-4416,Lillis,Delbergue,F,RDC
589-08-0425,Deeanne,Buesden,F,Data Integration
327-13-0816,Dorolisa,Philipsson,F,FM/2
311-41-0900,Brina,Summerill,F,Solution Selling
884-89-8258,Amye,Wick,F,DLS
510-12-2198,Manfred,Spondley,M,Pneumatic Tools
661-67-0503,Phillida,Antal,F,Scrum
427-02-9688,Laurie,Lichtfoth,M,LCL
760-02-3944,Chevy,Tipple,M,AJAX Frameworks
886-37-0713,Esra,Doumer,M,Order Picking
819-82-5483,Billy,Thurgood,M,Zultys
682-62-8690,Ainsley,Becke,F,ZoomText
265-54-2833,Florrie,Kurton,F,EIGRP
436-89-5648,Lazarus,Ficken,M,GNU
449-06-7103,Baryram,Goodie,M,Quality System
190-99-3432,Cesaro,Newgrosh,M,OGC
442-04-5241,Ingar,Utting,M,JMeter
118-27-1359,Adolph,Jochen,M,HTFS
441-66-3765,Hillard,Stickler,M,Power Generation
722-56-1697,Austin,Bradberry,F,Systems Engineering
479-93-8849,Lila,Worsom,F,CCIP
676-01-0035,Patricio,Caiger,M,IT Strategy
183-80-1661,Jacqueline,Maylor,F,Nikon DSLR
439-36-7190,Dimitry,Srutton,M,Sports Management
564-40-3203,Nevil,Ledgeway,M,Thermal Oxidizers
494-80-1723,Torry,Georger,M,Mixed-use
215-26-5646,Mimi,Licquorish,F,RSVP
608-11-0267,Bob,Breeds,M,Capacity Utilization
860-94-4280,Selia,Nordass,F,Database Design
829-13-9959,Aviva,Undy,F,Canon DSLR
106-04-1822,Davide,O'Moylane,M,LSAMS
511-37-5609,Frank,Franceschino,M,UCCE
670-68-9151,Mick,Lowten,M,OHSAS 18001
789-50-0833,Peg,Bertin,F,Behavior Based Safety
585-41-4333,Alessandra,Wibrew,F,Kundalini Yoga
312-77-0443,Sumner,Drohun,M,XStream
535-09-7270,Ferris,Knevit,M,PWM
254-49-0854,Valene,Bartoszinski,F,DL1
158-56-4864,Conroy,Pickwell,M,VCT
385-11-1219,Margarita,Dakhov,F,Copy Typing
359-61-1607,Ody,Crosser,M,Piano Playing
785-37-0009,Tessa,Turbill,F,Workplace Violence
296-18-3388,Jerry,Bohlsen,M,Petroleum Engineering
213-19-3623,Fernanda,Harrill,F,Historic Preservation
274-78-6747,Mabel,Booi,F,Equity Research
737-68-6475,Eal,Tichelaar,M,Test Driven Development
394-13-2923,Evey,Lohering,F,Guerrilla Marketing
638-84-2215,Jeth,Dalliwatr,M,Slickline
340-37-8540,Sergeant,Lumsdon,M,UltraEdit
765-65-5176,Grantley,Grolmann,M,HDCAM
490-40-0184,Christyna,Blakelock,F,Resume Writing
436-20-7234,Pietro,Trenouth,M,ADP ezLaborManager
262-61-3374,Doris,Lithgow,F,BJT
668-56-9304,Rodd,Wilcock,M,Loss Prevention
632-47-9349,Clementius,Scourge,M,IGCC
744-87-9576,Kaile,Pavitt,F,Clinical Supervision
240-99-1851,Myriam,Orrell,F,IPO
677-12-9963,Addy,Kwiek,F,TMA
312-60-3459,Merilee,Brockelsby,F,Utilities
639-84-8108,Sydney,Gritland,M,Petrochemical
289-93-0613,Eberhard,Leece,M,Vessel Operations
335-87-2157,Margot,Hatherall,F,Lesson Planning
583-98-6013,Roanne,Bristo,F,Contract Management
676-77-2717,Tory,Stallen,F,Avaya Communication Manager
681-87-9811,Jacquelyn,Vickers,F,VMware ESX
830-68-5437,Kalle,Puckrin,M,Play-by-play
265-73-3400,Charyl,Kelleher,F,FCE
360-15-3374,Quintilla,Roskelley,F,WTP
307-91-8800,Abie,Devo,M,CPFR
522-81-2639,Othella,La Rosa,F,HCCP
649-28-4190,Winonah,Highwood,F,QAD
506-51-0425,Cart,Estevez,M,VXML
754-23-9553,Jonathan,Comazzo,M,Pymol
192-21-4374,Sully,Glanz,M,FTIR
469-13-4821,Giulietta,Plane,F,CMake
148-17-1343,Janie,Crickett,F,LCD Projectors
213-59-6999,Brantley,Hibbart,M,Jets
362-18-4129,Tomaso,McHaffy,M,CFRA
284-06-1323,Joan,Bramah,F,nMarket
349-21-3132,Blanca,Carnelley,F,Site Development
700-96-9642,Onfre,Ney,M,NMON
391-91-5751,Nadean,California,F,Rheumatology
585-22-9139,Clarissa,Brownsworth,F,DCF Valuation
185-07-0415,Clementius,Santora,M,Security Clearance
826-98-3914,Travis,Muselli,M,VFX Supervision
782-83-0124,Annabel,McCaghan,F,NFL
545-03-9280,Stillman,Iremonger,M,QAQC
654-92-3768,Crista,Larose,F,Ventilation
840-99-1712,Bevon,Castane,M,Flight Safety
258-09-5272,Paulette,Eccleshall,F,Design of Experiments
160-44-6382,Gwenore,Menego,F,JES2
151-63-9363,Linoel,McAlees,M,New Hire Orientations
547-74-1635,Roxy,Broxap,F,Strategic Planning
680-52-6199,Dene,O'Farrell,M,Sleepwear
169-51-4626,Worthy,Stembridge,M,Government Procurement
506-58-6329,Forester,McLleese,M,Xactly Incent
195-24-4732,Alena,Marzelo,F,Workplace Violence
531-68-8006,Horatia,Pieroni,F,Zuken
665-57-5552,Johnnie,Markson,M,Custom CMS Development
704-96-3634,Christina,Keat,F,XMetal
716-41-9250,Gabriell,Pottes,F,JGroups
224-43-5804,Grover,Perin,M,Working at Height
154-56-9100,Kynthia,Morant,F,CPM Scheduling
340-07-7082,Ernestus,Loudwell,M,Kitchen Remodeling
493-91-6874,Blaine,Edsall,M,DVB-T
118-52-3438,Max,Porcher,F,WDF
597-89-8896,Brittany,Fahey,F,HW Design
662-74-0838,Ethan,Coles,M,Fund Administration
428-04-5876,Arv,Tapley,M,Dell KACE
422-60-6095,Yetty,Butterworth,F,RF
843-19-8077,Carter,Coddrington,M,Strategic Partnerships
703-84-4146,Kirstyn,Ortmann,F,ESRI
345-91-0011,Aprilette,Briand,F,Aerial Cinematography
838-66-5523,Justen,Bruhnicke,M,CDPE Designation
581-77-0291,Kristina,Cusack,F,Change Control
110-30-3797,Fredra,Molesworth,F,DDIC
119-27-0331,Herman,Kief,M,jQuery UI
426-87-5115,Trix,McGlue,F,Start-up Consulting
460-20-3877,Nydia,Ruddiforth,F,JVC
839-84-7345,Hailey,Draayer,M,UltraTax
782-98-6001,Vallie,Mallall,F,Interest Rate Swaps
176-23-1436,Herculie,Hundley,M,Sports Nutrition
781-07-6973,Jacklyn,Carlett,F,Ships
552-02-4257,Marie,Baughan,F,UE
861-76-5222,Tobey,Tingey,F,Credit Analysis
714-58-5139,Alane,Quaintance,F,EU Funding
782-44-2137,Wini,Salway,F,RDMA
103-85-8498,Norrie,Anfosso,M,XRY
182-03-3290,Pet,Ellesmere,F,Type Rating
658-37-5587,Zacharie,Gaddas,M,Public Speaking
622-64-3454,Yoshi,Dzenisenka,F,Guest Service Management
239-12-7823,Demetri,Cromblehome,M,SBT
809-66-1920,Arlyn,Gaine,F,SNAP
535-28-1420,Alane,McGaraghan,F,Sony HDV
740-23-3029,Montgomery,Quye,M,Gmail
626-15-9709,Katti,Antognoni,F,OSHA Instruction
481-13-6717,Bruis,Labuschagne,M,Yellow Book
290-16-8460,Falkner,Oliveira,M,TPC
583-26-1857,Jozef,Edlin,M,Alcoholic Beverages
508-66-0424,Doralin,Grise,F,Python
609-72-5577,Freddy,Rawcliffe,F,Gym
527-50-6370,Sophey,Rydings,F,WLAN
233-84-4266,Ayn,Bodocs,F,Food Industry
393-48-7251,Paton,Duchenne,M,DSO
274-28-4783,Tito,Ollenbuttel,M,PTH
156-27-4707,Hastie,Philpott,M,FMECA
863-57-2938,Gaven,Skeel,M,Kinesio Taping
809-51-2271,Torrie,Winridge,F,New Media
467-17-1695,Nelson,Banbrick,M,Rational XDE
104-80-6744,Ernestus,Heamus,M,EMS
528-96-4742,Boycie,Wallege,M,AOP
536-55-4015,Whitney,Tubble,M,Luxury Brand Marketing
649-95-2014,Fritz,Clemenzi,M,Process Engineering
365-38-8934,Shelby,Bortolini,M,Production Planning
367-73-0059,Sashenka,Wogan,F,BSF
775-70-6517,Tedmund,Lamb,M,Tcl-Tk
137-83-0698,Joyan,Schooley,F,CFI
881-63-7014,Ekaterina,Shave,F,Kernel Programming
417-34-3090,Eachelle,Gilder,F,Supply Chain Optimization
157-69-3021,Siffre,Hampstead,M,TSM Administration
366-08-6372,Biron,Fantone,M,Windows
531-11-4019,Brett,Naulty,M,IAM
261-74-1994,Clemence,Scothorn,F,HR Project Management
317-10-7181,Carolan,Plumridge,F,Simple IRA
513-19-1902,Ely,Mattson,M,Hair Cutting
513-58-3019,Lew,Grigoli,M,Zend
800-05-9508,Gill,Dawley,M,RSL
341-42-5952,Kassie,Bremen,F,CWTS
145-43-2599,Salomon,Muscott,M,Customer Support
619-70-5226,Avery,Fireman,M,Exercise Physiology
212-96-7442,Dorotea,Salman,F,Vi
770-95-7479,Virge,Calbreath,M,ODI
459-69-6453,Nanine,Thieme,F,Chemical Engineering
165-65-3977,Quincey,Mertsching,M,Pyramid
573-19-3760,Angel,Seggie,F,Cost Accounting
898-95-6484,Octavius,Lavers,M,Atomic Absorption
684-17-1943,Johna,Knill,F,Juvenile Delinquency
627-85-1067,Fowler,Stetson,M,VPN
849-22-9005,Cory,Briddock,F,Year End Accounts
127-76-9641,Osbert,Durman,M,PMBOK
425-89-6720,Eadith,Gresly,F,RUP Methodologies
859-89-4224,Dirk,Dreghorn,M,Cisco Call Manager
453-47-8901,Eloise,Yezafovich,F,LabVIEW
778-39-8235,Bert,Fosdyke,M,NSA-IAM
347-14-6163,Prudi,Humber,F,RWA
702-72-5034,Colan,Lanfear,M,International Economics
731-46-2338,Natalina,Sibun,F,VSOE
831-59-8501,Linus,Hollyman,M,Economic Development
302-05-3951,Annadiane,Fritzer,F,Drupal
219-57-5994,Vaughan,Knowlman,M,Physics
384-15-0176,Celie,Maydwell,F,Rheumatoid Arthritis
383-76-7000,Adelbert,Appleby,M,Critical Care
391-77-7196,Donny,Vidyapin,M,Self-esteem
769-99-1588,Kassandra,O'Doherty,F,FTK
788-54-4981,Von,Jarmyn,M,UCaaS
326-55-2209,Valry,Coyish,F,ISO
119-40-6518,Onofredo,Teasell,M,WM modules
327-72-9186,Galvan,Delaney,M,Cross-functional Team Leadership
254-19-6702,Pedro,Felmingham,M,Uzbek
306-48-8606,Brucie,O'Coskerry,M,CFDs
829-98-0483,Benedicta,Giffkins,F,SBIR
335-88-4814,Saba,Hanton,F,Posters
582-89-4384,Blanca,Lindop,F,HSEQ
592-30-0808,Roley,Mervyn,M,OS X
765-59-4956,Deirdre,Liebermann,F,NCARB
851-16-8320,Immanuel,Prine,M,DTD
176-41-7580,Hyacinthie,Treacher,F,XCAL
805-72-2666,Walden,Oxer,M,CNC Mill
497-13-6714,Reta,Guitt,F,EPiServer
564-22-1909,Amara,Braid,F,Yin Yoga
280-59-0381,Pris,Copperwaite,F,Presentation Skills
301-35-3033,Shanan,Kennsley,M,Qt Creator
652-46-5344,Sigismond,Unwin,M,Eblasts
785-67-0690,Donnajean,Gregoire,F,MRB
770-68-5421,Wallace,Montague,M,QARun
221-97-5404,Ludvig,Phythean,M,TJC
119-03-4807,Axel,Wrightson,M,Influence Others
762-76-4208,Ernesta,Bonds,F,vCenter Server
244-45-4340,Joyous,Fidal,F,Post Production
543-51-2951,Pammi,O'Crigan,F,Theatre
562-31-5371,Victoir,Edgworth,M,Wind
491-92-1315,Emmy,Mead,F,DTD
248-42-7121,Deedee,Franzoli,F,Logo Design
464-85-9013,Ysabel,Guiton,F,Ghost Imaging
428-88-8441,Gothart,Geharke,M,Non-profit Program Development
472-19-3111,Carolus,Strowan,M,Fluid Mechanics
702-54-4475,Port,Foskett,M,OOS
736-12-2847,Aleen,Mirrlees,F,Zend Server
108-41-5290,Warren,Beetlestone,M,Hazardous Waste Management
220-37-7858,Yvonne,Sings,F,GIMP
625-05-3080,Sheryl,Gillman,F,MMI
251-65-0569,Hilarius,O' Finan,M,BWA
519-47-2734,Leonora,MacCaull,F,AWS CWI
160-01-7664,Di,Hammand,F,IRI
769-06-4845,Guenevere,Abazi,F,Social Media Blogging
321-74-0818,Marlyn,Cluff,F,MS-DOS
149-99-7002,Giustino,Voisey,M,Access
469-80-4625,Harper,Cowdroy,M,RPG
496-98-6443,Benjy,Brugh,M,Sickness Absence Management
672-82-2121,Peyter,Luffman,M,Knitting
581-89-6152,Shannon,Jozefczak,M,Cyber Defense
855-08-2555,Ermin,Iorio,M,Oracle RDC
713-17-4655,Hilario,Osburn,M,Consumer Behaviour
613-96-9480,Barny,Vyel,M,Electrical Controls
342-23-7354,Zackariah,Wulfinger,M,GUI
120-94-7076,Tanner,Varren,M,CQC
284-74-4881,Karlee,Barrar,F,Education
643-22-5573,Marcelia,Blackesland,F,Avid
627-98-5682,Sissy,Manginot,F,Quality Auditing
182-32-4266,Marlane,Chesnay,F,Image Manipulation
777-32-4576,Chicky,Faustin,M,Assurance
636-08-3186,Zachary,Conklin,M,International Economics
599-91-6594,Ibrahim,Sonier,M,CBP
833-20-7416,Glen,Yakovliv,F,JCT
533-71-2260,Hilliary,Hanlin,F,CCIE
139-18-9275,Mozes,Cornelisse,M,Insurance
497-95-3391,Davy,Bonwick,M,Eplan
211-51-3013,Cortney,Chart,F,PQQs
490-19-7634,Siffre,Hryskiewicz,M,OOAD
420-31-3357,Mattheus,Padula,M,Dump Truck
722-37-9038,Farlee,Harty,M,PnL Management
101-38-9891,Nalani,Altofts,F,JSLint
653-62-3229,Aura,Carlet,F,Annual Giving
610-47-1129,Artur,Stanway,M,TSYS
768-13-3529,Hendrick,Ditzel,M,XSI
866-20-8882,Sile,Chetham,F,EBITDA
265-73-3845,Loy,Golding,M,Change Orders
846-41-8118,Godfree,Waite,M,Credit Analysis
104-17-8672,Giustino,Drewery,M,UK Corporation Tax
262-89-2326,Shermy,Melchior,M,Know-how
615-98-5508,Lloyd,Colledge,M,HDTV
362-74-5772,Hillie,Durant,M,SLA
486-56-9667,Vance,McLugaish,M,TMAP
526-21-2624,Shaylah,Windibank,F,SBIR
188-60-3138,Kirk,Girdwood,M,Iron
607-89-5669,Toby,Brody,M,LPAR
281-24-4452,Corbie,Rome,M,XML Programming
872-38-4183,Ericha,Nutting,F,VA Loans
745-61-7038,Mathilda,Linturn,F,IAS 39
665-33-3566,Alphard,Urion,M,Tubing
523-34-7863,Wit,Waterman,M,BBQ
113-12-5228,Eran,Eakley,F,WSPG
813-50-0719,Shelton,Blacklidge,M,OTM
449-26-0917,Arda,Josefs,F,DNS
541-53-0874,Lucio,Josiah,M,Jets
218-74-2990,Spenser,Roof,M,Visual Communication
565-72-1772,Cleveland,Bondesen,M,HR Software
386-36-2699,Karoly,Le Fleming,M,Sony Vegas
695-06-8777,Blithe,Alloway,F,SSAE 16
560-96-7076,Rena,Armitt,F,Validation
876-58-1024,Nicolis,Weildish,M,IEC
649-50-2423,Niel,Wedderburn,M,Xen
555-74-4703,Viki,Sebrook,F,TK Solver
649-43-8359,Berkly,Greenhowe,M,Mediation
582-45-2078,Deni,Dennerly,F,HRIS
877-86-1737,Marisa,Lochrie,F,Wireless Networking
249-11-9248,Erich,Jaszczak,M,NDM
543-73-7795,Mariquilla,Osbaldstone,F,Health Promotion
815-56-3072,Ki,MacGettigen,F,UCITS
241-07-5472,Regen,Echalier,M,Media Relations
874-90-0064,Jenn,Riordan,F,Bankruptcy
480-37-5903,Elston,Gianilli,M,FDCPA
561-21-8488,Carly,Sander,F,Operational Oversight
454-67-7438,Peter,Gallehock,M,Budget Oversight
585-19-3315,Luise,Moodie,F,Documentaries
739-13-6607,Marsh,Hearley,M,IM
721-39-7444,Morey,Gibbard,M,Final Cut Pro
770-29-8949,Kassia,Orrice,F,Motivational Interviewing
527-40-2233,Devin,Goman,M,Biomedical Engineering
399-27-8890,Spenser,Spurryer,M,Zenworks
106-93-2799,Marguerite,Curro,F,DDNS
295-21-8362,Virgie,Liffey,F,Phase II Environmental Site Assessments
121-46-8832,Sully,Ivashev,M,Mobile Applications
893-41-8392,Jaquelin,Bellwood,F,QEMU
262-34-9744,Wilhelmine,Lowles,F,Nutritional Counseling
275-73-6683,Evangeline,Skylett,F,Jazz
382-38-1040,Ondrea,Halloway,F,LTACH
265-97-7420,Manolo,Gheraldi,M,GHS
464-27-7947,Francyne,Mowday,F,Windows Azure
615-96-4673,Sam,Gatman,M,Photoshop
266-96-3213,Yankee,Parton,M,Gx
728-72-8181,Otes,Duligal,M,IGMP Snooping
313-87-2257,Johannes,Mackney,M,CGEIT
112-77-3482,Leone,Millen,F,Integration
172-86-0198,Lelah,Chittey,F,JDO
638-76-1744,Harbert,Schanke,M,VSA
173-24-9918,Marty,Yantsev,M,PPTP
591-76-6117,Dulcie,Ivanusyev,F,Microsoft Dynamics NAV
814-07-9427,Catina,Cokly,F,Banking
500-68-3937,Wilek,Giovanazzi,M,JBoss ESB
863-34-9133,Kara,Wimpenny,F,NGOSS
142-52-8060,Matilde,Hause,F,Outdoor Education
269-74-3461,Urbanus,Langdale,M,GDP
861-57-3143,Kassi,Sinnat,F,EZ Labor
124-39-1433,Eugenio,Shew,M,Gym
728-09-9097,Binky,Rivard,M,EBR
556-41-4762,Anestassia,Berrecloth,F,RBAC
626-23-6115,Bonnie,Pietzker,F,Digital Photography
198-05-9558,Jonie,Malmar,F,MSS
445-21-0805,Sybila,Burgwin,F,FTTx
798-46-6102,Alessandro,Daud,M,Wedding DJ
504-50-7175,Guenevere,Darnbrook,F,NCLB
421-11-9977,Osmund,Dilleston,M,Private Piloting
195-53-4738,Hesther,Perin,F,UF/DF
550-03-5735,Archer,Emmer,M,General Surgery
777-81-7422,Chuck,Calbaithe,M,Diabetes
813-95-4221,Marian,Croucher,F,AMI
897-56-0106,Vivia,Colquete,F,Digital Marketing
369-02-0760,Ham,Brownsill,M,Yellow Book
100-54-3879,Delainey,Campany,M,Logging
888-12-1683,Teri,Offill,F,CNN Pathfire
139-07-8803,Clywd,Westcarr,M,High Availability
256-73-3759,Caria,Autie,F,Portrait Photography
496-03-2987,Ivory,Cluer,F,Zsh
842-84-9899,Kimberli,Pointin,F,Allergic Rhinitis
804-09-6285,Ellsworth,Fraschetti,M,Undercover
573-02-5140,Kathlin,Celloni,F,XSD
231-20-6319,Monte,Franschini,M,Yield Management
199-38-7595,Isa,Hawkswell,F,Business Owner Planning
847-56-0236,Ashlan,McGready,F,Health Insurance
404-19-9445,Chad,Mangeon,M,Design Thinking
169-16-7645,Vevay,Tidder,F,Lawson HRIS
520-22-3409,Gael,Elcy,M,Tumblr
213-42-0464,Shari,Stares,F,Aerodynamics
660-02-1305,Luther,Neljes,M,RLC
572-46-3853,Northrup,Westmancoat,M,Black Belt
600-75-2338,Emmerich,Flavelle,M,Pyrometallurgy
141-42-3746,Bran,Janjusevic,M,PNF
511-75-1444,Hector,McOmish,M,TPNS
351-54-7005,Paige,Sowthcote,M,Yachting
438-61-3827,Flint,Badrick,M,Software Development
336-65-9268,Elwin,Mathevet,M,Pre-owned
647-85-3739,Hewie,O'Feeny,M,Ebay Sales
474-34-7211,Munroe,Stratton,M,GNU
327-64-4884,Ertha,Iannitti,F,DVB-S
612-53-2335,Ginni,Ratie,F,Network Security
715-36-7752,Nicolina,Fouldes,F,E-zines
779-89-2952,Samaria,Drewitt,F,ABAP-OO
113-81-2586,Rouvin,Ewing,M,Ayurveda
463-25-6868,Agathe,Allder,F,Dump Truck
390-63-3366,Darlleen,Hayter,F,Fluid Dynamics
411-73-0088,Diarmid,Tichelaar,M,Class Actions
253-81-9273,Jayme,Tadlow,M,NS2
198-41-5855,Cristal,Freezer,F,SAP BPM
113-92-7458,Shirlene,Van't Hoff,F,Agents
540-17-3846,Kendre,Marrable,F,Xactly
894-70-0925,Alix,Phalip,F,uClinux
756-58-9476,Isidoro,McGrotty,M,Tour Management
256-74-2544,Susanne,Cruz,F,Call Centers
811-46-2465,Levi,Mullaney,M,Zoomerang
673-79-0839,Emmalynne,Fenning,F,Zimbra
311-76-0461,Noah,Baylie,M,Linux Kernel
794-18-2344,Eleanore,Mees,F,Social Justice
538-03-8940,Bobbee,Pretty,F,SWAT
178-50-4478,Humbert,Verzey,M,CM Synergy
852-38-4567,Upton,Arrington,M,dSPACE
562-05-4323,Aloin,Danet,M,Eastern Europe
375-45-6009,Dorian,Harefoot,M,CPIM
701-49-8653,Winston,Jillitt,M,HP Procurve Networking
686-68-9215,Randell,Adamolli,M,Genetics
392-19-6260,Annnora,Danielsen,F,LMS Test.Lab
617-08-2147,Casey,Chamberlin,M,Painting
473-69-7836,Nils,Tupp,M,Interior Architecture
883-84-1177,Jack,Adkin,M,cXML
122-43-8305,Nilson,O'Loghlen,M,Venipuncture
767-97-0473,Allianora,Bontine,F,Whole House Renovations
708-63-1177,Gino,Donnelly,M,HIPAA
416-90-5017,Rhodie,Rubinsaft,F,VBA
549-28-1661,Cristobal,Girodier,M,National Association of Realtors
311-48-6184,Neille,Dulinty,F,Residential Mortgages
771-84-4011,Herminia,Lumly,F,Aqualogic
629-52-9717,Zita,Collishaw,F,Solid Oxide Fuel Cells
550-23-2683,Cherrita,Livesley,F,Federal Grants Management
579-13-4805,Christabella,Reeks,F,SVM
507-95-4676,Lindsey,Garrand,F,Euroclear
581-17-4918,Kimble,Covey,M,SOA
443-82-1309,Taddeo,Sidworth,M,PwC TeamMate
451-32-2204,Estelle,Carous,F,DNA methylation
643-03-3553,Gabe,Madre,M,Quality Patient Care
128-89-6643,Chet,Ruck,M,TJC
746-50-6091,Errick,Myton,M,Brand Equity
874-56-6811,Sean,Kolodziejski,M,Twitter API
818-81-9080,Bryce,Rouch,M,Db4o
648-50-2912,Sibella,Message,F,DDI Certified Facilitator
817-42-3508,Jess,Beauchop,M,TTS
867-07-2145,Seymour,Larchier,M,SharePoint Server
364-65-8833,Sharline,Cleife,F,iPhone
755-43-4001,Dalt,Genny,M,Team Effectiveness
192-17-7161,Janet,Tuhy,F,Immunology
445-52-8548,Marena,Blumsom,F,Recruiting
225-08-6159,Chickie,Stormonth,M,TMMi
636-06-8410,Barr,Lovel,M,Rheumatology
543-41-3441,Arnold,Najara,M,DFX
513-02-9435,Elenore,Ochterlony,F,Business Strategy
572-42-4121,Stefan,Gainfort,M,ERD
821-06-4820,Josias,Grent,M,OLED
774-64-7290,Adelheid,Abercrombie,F,EMR
673-44-5082,Maison,Maddra,M,Omegamon
275-10-7208,Alvis,Spraggs,M,Communication
565-35-0279,Guthrey,McGougan,M,History
647-96-9268,Olva,Knowling,F,Human Rights
863-81-3310,Dyane,Hayle,F,BPML
773-67-6494,Emmery,Brim,M,MBOX
181-36-0249,Hurley,Farlham,M,BPML
696-25-4776,Nadya,Crome,F,SFR Certified
703-98-3534,Amelie,Chatters,F,PPE
732-26-4543,Lorie,MacSharry,F,IxLoad
133-21-9424,Davide,Geer,M,Omeka
136-21-1378,Garik,Gribbon,M,Windows XP
198-56-4914,Darnell,Meredyth,M,xPC Target
571-21-8134,Lyle,Body,M,Waterfall
760-16-7674,Lissi,Chace,F,Black &amp; White
388-17-8552,Staci,Disbrey,F,Treatment
287-08-1308,Christy,Dominick,F,Bioinformatics
885-51-4693,Garrott,Yerlett,M,Nitrous Oxide
540-76-7491,Carlyle,Hallewell,M,Kenan FX
761-21-4545,Corney,Petrina,M,Google Docs
279-36-2537,Perri,Stoneham,F,Video over IP
113-32-3971,Malvina,Keepin,F,Voice Acting
159-27-4196,Clem,Jevon,M,DSP BIOS
189-83-9828,Neda,Keets,F,RHEL
113-98-1050,Bryn,Neumann,F,Cross-functional Coordination
576-83-4112,Nappy,Kimm,M,Creative Non-fiction
233-63-2294,Cass,Dewes,F,DGGE
572-16-2659,Janenna,Rastrick,F,Ionic Liquids
896-20-8127,Dewey,Coyle,M,Cash Flow
298-02-2043,Min,Acock,F,WSDL
558-33-0111,Emmott,Christou,M,Social Media Blogging
622-75-3198,Hildegaard,Aggott,F,Legal Writing
500-28-5424,Agata,Linde,F,XBRL
388-10-3543,Ariel,Romand,F,White Collar Criminal Defense
539-15-3593,Sandy,Londer,M,Sleep Apnea
739-75-5321,Rudiger,Corn,M,TVCs
153-77-7587,Reider,Velez,M,Education
655-25-7201,Ruttger,Blackaby,M,Firewalls
785-69-2653,Vachel,Hirsch,M,PV
764-27-3987,Alister,Shapero,M,Kinesiology
836-09-3865,Ethelbert,Polding,M,PMO set-up
554-25-1784,Zabrina,Lucchi,F,Ubuntu
506-05-6873,Wilhelmina,MacMoyer,F,RSA Security
630-74-1896,Jonah,Garlette,M,21 CFR
779-25-0138,Toby,Rickaert,F,Finite Element Analysis
660-29-2268,Alfons,Brain,M,RSLinx
662-65-6141,Eolanda,Startin,F,Ecological Restoration
786-56-9020,Ned,Skirrow,M,Oil &amp; Gas Accounting
649-62-5786,Marcellus,Hayesman,M,Euroclear
506-29-6004,Bat,Youson,M,NFC
109-95-8117,Hadley,Bantock,M,BMX
748-35-9117,Corrie,Blues,F,Brochures
676-26-1734,Lynn,Leveridge,M,PDM Works
394-79-8561,Victoria,Sandars,F,Electrical Design
727-27-1188,Caz,Michallat,M,SMSTS
423-42-1314,Kasey,Utridge,F,CCIP
743-31-3358,Abra,Librey,F,Xerces
817-30-0085,Bone,Davidowsky,M,XHTML
150-26-8880,Giff,Karby,M,Data Modeling
525-56-3081,Hilly,Parysiak,M,Academic Writing
260-45-8587,Layla,Liddyard,F,Supply Chain Management
397-70-8962,Alvinia,Bourley,F,LLDPE
479-13-1694,Farlie,Mitcham,M,Crystal Xcelsius
428-89-8972,Alfons,Grinyov,M,Kosher
470-90-0660,Romeo,Kristufek,M,QLab
236-85-7737,Merrili,Lovekin,F,Supply Chain Management
585-22-5165,Luisa,Pestridge,F,Treatment
488-73-6680,Amanda,Balderson,F,Cycle Time Reduction
177-13-7801,Claude,Lavis,F,GFAAS
868-99-0608,Korrie,Henrionot,F,HW/SW integration
542-08-5645,Shelley,Dybald,M,BMX
206-91-0914,Jacquie,Rebanks,F,Corporate Gifts
648-03-4440,Frederica,Kruszelnicki,F,Brand Awareness
133-95-0085,Rutger,Tattersfield,M,Electrical Design
764-83-0167,Hatty,Dimnage,F,Satellite TV
544-58-0907,Jenda,Perri,F,TFTP
620-84-5978,Mikael,Wark,M,Phase II
630-92-2872,Kearney,Glendinning,M,Engineering Management
544-21-8604,Hastings,Tower,M,Hotel Management
623-88-1361,Lin,Simionescu,M,NPIV
765-51-3858,Carroll,Springer,M,VA Loans
318-64-2960,Hillary,Jeger,F,DTDs
156-21-5473,Hazel,Domelaw,M,MM7
158-60-8925,Kennan,Epsly,M,Algorithm Design
356-31-3883,Jodee,Anthill,F,Whiplash
654-22-5279,Cybill,Weld,F,Procurement Outsourcing
484-84-3261,Arnie,Papes,M,LLBLGen
240-29-1024,Bradney,Cescoti,M,Jets
396-26-6328,Louisette,Brettor,F,Luxury Homes
774-10-8796,Birch,Kohrt,M,Employment Law
124-46-1940,Patin,Gazey,M,ABR
300-87-0899,Rosella,Bolwell,F,IASO
741-30-4629,Quint,Heild,M,SBRT
157-90-0371,Curt,Hillan,M,Black Box Testing
327-01-7807,Gasparo,McPhate,M,Aspen HYSYS
723-15-8379,Henrieta,Valentin,F,SSH
355-41-8115,Antonino,Kundert,M,Sustainable Tourism
888-15-1479,Wolfy,Parrin,M,Project Bidding
759-32-1921,Jervis,Gladwish,M,Outplacement
787-17-3299,Rhoda,Jansky,F,Tour Operators
753-74-7406,Araldo,Bissett,M,Westlaw
558-61-4957,Waly,Weavill,F,nCode
433-11-9966,Annmaria,De Simoni,F,Omegamon
283-30-3565,Alysia,Matzaitis,F,Budgets
650-41-3378,Mabel,Madle,F,Ruby on Rails
771-25-5153,Guillermo,Enefer,M,Testing Types
633-69-3940,Win,Teasell,M,Business Transformation
712-43-6995,Uri,Pennetti,M,HTML5
177-01-6708,Sherrie,Dracksford,F,IntelliJ IDEA
423-59-7347,Aldo,Cescoti,M,XML Gateway
464-95-4603,Jackelyn,O'Sherrin,F,DCID 6/3
770-98-3877,Ralina,Vennard,F,Tgrid
816-63-4081,Christian,Piddock,M,Luxury Goods
726-29-8770,Ronnie,Raith,F,Key Account Development
713-09-9733,Bellina,Lydiard,F,Bathrooms
412-13-1125,Bernard,Frediani,M,RPR
323-12-6934,Farr,Larmet,M,BCLS
700-05-2607,Clemmy,Luchetti,M,Orthopedics
600-12-0879,Elset,Swinnard,F,Slope Stability Analysis
278-33-6266,Othilie,Knight,F,Zend
701-79-5350,Cherish,Worts,F,Enzyme Kinetics
828-40-4443,Torin,Filgate,M,GPON
830-71-0887,Rickie,McFetrich,F,FFT
234-59-3477,Lynde,Lawlie,F,Focus Groups
113-32-5374,Mina,Reeks,F,HDR Photography
710-82-7439,Wilfrid,Pyecroft,M,JSP
870-44-7196,Corbet,Atwill,M,IBM Tivoli
350-85-7872,Eldon,Liebrecht,M,Army
854-52-5383,Arliene,Godman,F,BFD
195-85-5330,Jerrie,Hakking,M,Avionics
439-56-3838,Mallory,Aleksankin,F,Go
148-05-1192,Frankie,Howbrook,F,MPI
710-18-1722,Loy,Claxson,M,Hydraulic Systems
300-57-9545,Antonio,Brierton,M,PIX
568-78-1164,Prissie,Barrus,F,Qt
422-85-0666,Annabelle,Kabos,F,IVD
605-20-2409,Mariana,Champkins,F,HP Proliant
881-10-5228,Chad,Endrici,M,Snacks
332-39-5109,Umeko,Abrahmer,F,MBAL
827-03-8248,Tan,Redolfi,M,Big 4
181-52-2813,Fidela,Cridlon,F,Smoking Cessation
631-62-2043,Collin,Gilogly,M,Spanish
276-02-8509,Guy,Allsop,M,Asset Protection
304-65-6050,Leo,Feirn,M,MDR
571-70-6159,Jocelyn,Phoebe,F,ACLS
231-60-4900,York,Zolini,M,Rigging
123-30-8680,Hermine,Schuler,F,Global Custody
372-41-1925,Arny,Schroder,M,Power Plants
652-30-2587,Shana,Menchenton,F,Alternative Energy
773-29-6476,Kakalina,Breydin,F,Class III Medical Devices
502-77-5714,Dannel,Chadwin,M,Commercial Real Estate
246-66-0887,Orin,Bridgwood,M,PMC
672-90-3893,Doug,Quan,M,Ministry Of Defence
848-64-6870,Pierson,Lysons,M,SAP EBP
684-93-1664,Brandy,Kurton,F,European Law
303-22-6752,Lurette,Tythe,F,Variable Frequency Drives
695-23-1945,Nickie,Shakespeare,M,General Surgery
243-83-2033,Kai,McCoughan,F,DCF Valuation
493-04-1763,Zilvia,Denzilow,F,CG Lighting
766-18-1775,Lu,Durno,F,Copy Editing
663-08-9619,Albie,Saur,M,DDIC
658-83-4325,Jacky,Luckes,M,VMI
885-17-2281,Alyssa,Copley,F,Fedora
436-53-7060,Free,Wooff,M,VMware vSphere
269-31-4105,Meriel,McVitty,F,Gifted Education
332-78-9413,Norbert,Catonnet,M,Fashion Photography
618-29-1428,Simone,Hubbert,M,Agile &amp; Waterfall Methodologies
252-06-5124,Nickie,Niemiec,M,OSHA 30-Hour
134-05-8252,Jeromy,Folds,M,Histology
112-21-1048,Phyllis,McMaster,F,ATP
814-55-3080,Erin,Fossick,F,PPBES
628-86-4782,Felice,Wagstaff,M,Blog Marketing
139-68-2530,Hasty,Fereday,M,Hybrid Cloud
361-79-2832,Fernando,Padley,M,Driving Results
356-11-5098,Wildon,Fenny,M,Literacy
483-11-2047,Denney,Alleyn,M,GFAAS
690-90-2738,Siegfried,Beech,M,Data Guard
251-27-2157,Umberto,Hartgill,M,Xsan
641-15-2190,Janos,McPheat,M,GCC
782-88-6012,Karly,McKellar,F,Myers-Briggs Certified
496-90-8344,Fionna,Wratten,F,BPL
475-41-1754,Desiree,Eyeington,F,Healthcare Industry
691-06-9463,Clair,Stockle,F,uCOS
311-42-1764,Augustina,Sewall,F,DFT
133-66-8189,Hunfredo,Soughton,M,Tax Preparation
159-36-5768,Lanny,Aspinell,M,UCaaS
875-96-8695,Hilly,Logesdale,M,ATR-FTIR
810-75-9374,Farris,Cockerham,M,Xbox One
847-46-0590,Eimile,Rawlings,F,SSL Duality
637-99-0390,Odelinda,Pfleger,F,IVIVC
491-64-9935,Timi,Durdan,F,Mac OS
649-91-6624,Rusty,O'Farrell,M,Windows NT
410-42-9300,Jobey,Baumber,F,RUP Methodologies
103-06-2830,Humfrid,Farrer,M,Water Management
453-16-2835,Rickie,Kumaar,M,Photoshop
533-79-1002,Joannes,Melross,F,TPF
273-79-4045,Eada,Borge,F,Youth Empowerment
264-50-4541,Nita,Surcombe,F,OxMetrics
654-21-6231,Sharon,Fayer,F,Pipefitting
811-70-7364,Toiboid,Devanny,M,Glaucoma
622-50-3811,Elmo,Jennaroy,M,iVantage
361-79-2990,Marijn,Burberye,M,RFQ
356-65-9088,Neila,Aloshechkin,F,Furnishings
807-29-4599,Janos,Beilby,M,SDLX
198-71-5406,Sonny,Linay,F,DHCPv6
146-54-5936,Davy,Scally,M,RTF
106-64-1063,Gard,Durrans,M,SNL
436-24-5051,Caldwell,Maase,M,Supply Chain Management
189-42-0738,Henrik,O'Canavan,M,NDA
821-18-3025,Dwight,Marks,M,Jidoka
627-10-5727,Gwenore,Dufaire,F,PTMS
384-71-3788,Mason,Lazonby,M,JDK
363-36-4379,Melissa,Willingam,F,GPP
247-51-5354,Jerrilyn,O'Lahy,F,Zoom
236-72-8624,Elisha,McAlinion,M,RMA
761-66-1557,Durante,Pedrielli,M,Athletic Administration
317-48-8814,Kay,Scullion,F,IEP
707-51-8878,Ninon,Comford,F,Omron
134-69-2161,Ramonda,Towe,F,Ductwork
192-05-2054,Anderson,Ousbie,M,Hair Care
193-90-8954,Roberta,Patten,F,Kanban
169-18-6597,Lissa,Brouard,F,Special Effects Makeup
793-24-3918,Maurits,Linger,M,Food
613-96-0800,Norri,Kepe,F,Notary Public
361-17-3422,Elnar,Fallowfield,M,Knowledge Discovery
438-57-0603,Jaquith,Ten Broek,F,Current Affairs
791-47-4218,Chrysler,Caunce,F,Wide Format Printing
811-49-7159,Cacilia,Deble,F,FMCG
540-94-9940,Lynea,Matthew,F,MRAM
734-05-7477,Reeba,Hearn,F,Blood Pressure
178-11-1582,Gardiner,McCathy,M,Vyatta
211-48-1555,Hortense,Crumley,F,Strategy
244-15-5744,Meaghan,Haliburton,F,PJM
667-09-4818,Jocelyne,Shingler,F,Start-ups
636-65-1220,Derby,Dorricott,M,RHEV
177-24-1157,Fonsie,Brennan,M,Benefits Administration
590-99-5166,Adele,Roskelly,F,Bridge
506-68-3289,Eleen,Havile,F,Talent Management
701-65-1132,Karon,Peppin,F,Project Planning
826-78-3737,Denver,Fley,M,MTA
613-73-1810,Nestor,Tolomelli,M,MPLS-TP
481-13-6935,Stu,Behning,M,VSTO
591-39-8041,Dorie,Guyonneau,M,Ebooks
803-82-2082,Marijn,Joerning,M,Thermal Oxidizers
694-05-3366,Auguste,Middle,F,Overseas Sourcing
270-76-4934,Beth,Wildes,F,GTK
719-64-3227,Casey,Streather,M,360 Feedback
591-22-8737,Arabel,Dickerson,F,CISSP
768-36-6623,Gothart,Belfrage,M,Cognitive Psychology
540-01-8933,Minta,Klebes,F,BSF
173-85-4053,Renee,Bennis,F,PMCS
407-74-7549,Licha,Gillis,F,NCSim
558-32-7725,Barde,Bentame,M,HDI
540-10-4154,Cara,Sokill,F,SNF
462-49-6073,Elliot,Chastaing,M,Critical Thinking
863-70-0837,Jennilee,Petrus,F,DCN
365-18-5072,Hube,Gerran,M,BSC
138-17-4808,Etienne,Opdenorth,M,Flooring
736-46-5368,Tibold,Tillett,M,Radio Advertising
233-32-0683,Ogdon,Riseborough,M,HSI
672-92-1471,Ailene,Smewin,F,Zillow
278-69-0673,Amelie,Feldklein,F,Executive Management
180-89-1459,Rosana,Bonhome,F,RTL Coding
783-98-2812,Jemimah,Parke,F,BDC
746-90-7983,Max,Baudry,F,Trials
123-58-7565,Nicol,Cumberpatch,M,RFQ Development
805-77-0331,Amil,Privett,F,LabWindows/CVI
527-03-8042,Dasha,MacArd,F,Lubrication
445-19-3541,Haskell,Brettel,M,Mobile Games
797-91-2199,Stephani,Crankshaw,F,QRM
721-13-5665,Elliot,Prene,M,CFK
522-68-3710,Maxie,Bartolomieu,M,Silhouette FX
526-56-2651,Theo,Kitteringham,F,iVantage
229-23-5659,Rutherford,Sibthorpe,M,IEC 61131-3
288-94-0573,Valentijn,Truswell,M,XML Gateway
488-51-7071,Hedwig,Scarr,F,SAP MM Module
332-26-1399,Vevay,Mazillius,F,Adult CPR
789-08-0248,Jolene,Gillmor,F,Basic HTML
679-49-2689,Valencia,Matzel,F,Document Review
444-76-3687,Neile,Zannini,F,Surveillance
114-15-7713,Gabriell,Tissington,F,NBAR
248-31-7408,Langsdon,Cowdray,M,Ductwork
515-21-5252,Andrew,Grundell,M,Gw Basic
556-65-2256,Gayler,Cannicott,M,IKE
455-73-0543,Delmor,Wrightson,M,Early-stage Startups
142-88-5064,Carlye,De Domenici,F,SEO
620-26-9776,Corney,Stearn,M,Water Resources
751-84-6059,Wilie,Vitet,F,MSP430
486-80-7909,Mozelle,Perfect,F,RDP
278-13-5850,Gun,Peach,M,Aerospace Engineering
688-03-6282,Bil,Broadfield,M,RCSA
611-42-3471,Bink,Vannozzii,M,HVAC
501-59-4807,Esma,Podd,F,UIKit
841-57-3790,Maury,Malham,M,Rhythm Guitar
508-06-6109,Garv,Keneleyside,M,Subversion
302-71-0202,Andie,Kupker,F,Make vs Buy
110-32-6326,Brittni,Thoresbie,F,Security Audits
739-30-4093,Nanny,Sawyers,F,Gemba Kaizen
778-86-2884,Willis,Reynish,M,RF Engineering
732-62-0822,Angus,Duligall,M,Health Education
314-79-5837,Leona,Philbrick,F,RPG III
675-77-2777,Merry,Lamborne,F,VSEO
262-64-3183,Bartholomeo,Darlasson,M,Employee Benefits
157-02-9743,Jed,Pactat,M,FFE
663-16-9590,Yorgos,Hinners,M,DNA electrophoresis
546-54-0321,Clair,Allbrook,F,BMC Remedy
782-36-7289,Alvira,Scoyne,F,Dance
864-29-4808,Anatol,Truss,M,Computer Network Operations
187-62-2374,Scot,Fazackerley,M,Vegetables
315-99-7611,Etan,Klazenga,M,Type Approval
431-88-5397,Guntar,Meconi,M,Newspapers
334-26-9892,Myrwyn,Jankiewicz,M,Smart GWT
539-58-7092,Maitilde,Devericks,F,XStream
311-62-5613,Cole,Lanning,M,SDI
195-15-9224,Gwenny,Calvey,F,NSA
852-70-7779,Lola,Lanchester,F,SNOMED
690-23-8788,Xylina,Niesel,F,SMT Kingdom
454-81-6550,Darnall,Fulleylove,M,Blended Learning
736-59-0859,La verne,Floyde,F,UFC
736-87-3194,Towny,Gilcrist,M,Small Business Development
581-97-1808,Gaultiero,Huster,M,SCADA
240-73-8112,Ashley,Schwandermann,F,VTP
199-44-1912,Lurette,O'Giany,F,SSIS
627-76-5527,Hartwell,Lamas,M,APQP
345-01-6051,Shell,McDuall,M,Drupal
402-16-8517,Bertha,Mortimer,F,Job Descriptions
216-47-5307,Marcelle,Mushett,F,Management
696-28-0287,Spike,Everix,M,Ticket Sales
662-91-6340,Leola,Winship,F,HBase
636-17-7451,Linc,Lanney,M,SQL Tuning
662-51-9109,Skipton,Tyrrell,M,Team Effectiveness
426-26-5421,Roseanne,Howis,F,Eyelash &amp; Eyebrow Tinting
346-64-0478,Blaine,Kighly,M,Digital Imaging
298-93-2867,Verena,Persehouse,F,JNDI
385-97-2841,Brande,Sigert,F,SBS
851-76-6197,Tades,Gaytor,M,Union
688-68-0866,Humfried,Chalfont,M,Lymphatic Drainage
390-94-7156,Almire,Smeall,F,Fit-out
519-87-8520,Wyatt,Challin,M,Health Insurance
749-63-4799,Maryjo,Geffinger,F,QEMU
867-31-6062,Kali,Johnsey,F,Background Checks
141-17-9481,Calla,Othen,F,Programming
871-50-2056,Dre,Lumsdale,F,NCAA Compliance
282-24-4144,Sayers,Collister,M,SSI
145-53-8055,Beckie,Rizzone,F,SFR
889-29-8918,Thatcher,Groomebridge,M,Program Evaluation
233-50-1545,Nikki,Vanichkov,M,VXML
731-98-8088,Sayres,Lafayette,M,IXIA
482-63-7631,Alano,Goadby,M,Image Editing
751-66-5242,Jewel,Scullion,F,Hazard Recognition
695-10-7618,Issy,Garfirth,F,Sungard GMI
435-29-6037,Sid,Pegden,M,TNS Media Intelligence
798-63-2532,Carrol,Lagne,M,Immunology
569-01-3504,Florette,Gerwood,F,TPC
651-01-5832,Martyn,Platts,M,LS-DYNA
303-31-3119,Gearalt,Pane,M,Fashion Blogging
421-75-6929,Claiborne,Naptine,M,Capital Equipment
738-93-6544,Ario,Harbin,M,OmniGraffle
291-86-6824,Kelwin,Conrart,M,Agency MBS
289-96-9925,Sibilla,Vanacci,F,Wind
793-49-2209,Findley,Curragh,M,SQL
110-24-2126,Raynor,Razzell,M,Glazing
809-70-4898,Whitaker,Gergolet,M,Performance Appraisal
463-31-0467,Clarisse,Proudler,F,DC Circuits
388-25-2850,Rona,Waddilow,F,Pyrography
466-95-8973,Leodora,Kitter,F,Vulnerability Research
763-36-7139,Jorry,Alessandrini,F,Spectroscopy
482-42-2905,Ferdy,Sabberton,M,TSCM
250-58-2574,Patty,Coulthard,F,OOH
